{
	"partitions" : [
		{
			"name" : "Top",
			"pins" : [
				{
					"name" : "LCD_Board_LED[7]",
					"strict" : false
				},
				{
					"name" : "LCD_Board_LED[6]",
					"strict" : false
				},
				{
					"name" : "LCD_Board_LED[5]",
					"strict" : false
				},
				{
					"name" : "LCD_Board_LED[4]",
					"strict" : false
				},
				{
					"name" : "LCD_Board_LED[3]",
					"strict" : false
				},
				{
					"name" : "LCD_Board_LED[2]",
					"strict" : false
				},
				{
					"name" : "LCD_Board_LED[1]",
					"strict" : false
				},
				{
					"name" : "LCD_Board_LED[0]",
					"strict" : false
				},
				{
					"name" : "DE10_LED[9]",
					"strict" : false
				},
				{
					"name" : "DE10_LED[8]",
					"strict" : false
				},
				{
					"name" : "DE10_LED[7]",
					"strict" : false
				},
				{
					"name" : "DE10_LED[6]",
					"strict" : false
				},
				{
					"name" : "DE10_LED[5]",
					"strict" : false
				},
				{
					"name" : "DE10_LED[4]",
					"strict" : false
				},
				{
					"name" : "DE10_LED[3]",
					"strict" : false
				},
				{
					"name" : "DE10_LED[2]",
					"strict" : false
				},
				{
					"name" : "DE10_LED[1]",
					"strict" : false
				},
				{
					"name" : "DE10_LED[0]",
					"strict" : false
				},
				{
					"name" : "lcd_rs",
					"strict" : false
				},
				{
					"name" : "lcd_e",
					"strict" : false
				},
				{
					"name" : "lcd_data[0]",
					"strict" : false
				},
				{
					"name" : "lcd_data[1]",
					"strict" : false
				},
				{
					"name" : "lcd_data[2]",
					"strict" : false
				},
				{
					"name" : "lcd_data[3]",
					"strict" : false
				},
				{
					"name" : "lcd_data[4]",
					"strict" : false
				},
				{
					"name" : "lcd_data[5]",
					"strict" : false
				},
				{
					"name" : "lcd_data[6]",
					"strict" : false
				},
				{
					"name" : "lcd_data[7]",
					"strict" : false
				},
				{
					"name" : "LCD_Board_PB[11]",
					"strict" : false
				},
				{
					"name" : "LCD_Board_PB[10]",
					"strict" : false
				},
				{
					"name" : "LCD_Board_SW[4]",
					"strict" : false
				},
				{
					"name" : "LCD_Board_SW[3]",
					"strict" : false
				},
				{
					"name" : "LCD_Board_SW[2]",
					"strict" : false
				},
				{
					"name" : "LCD_Board_SW[1]",
					"strict" : false
				},
				{
					"name" : "LCD_Board_SW[0]",
					"strict" : false
				},
				{
					"name" : "LCD_Board_PB[9]",
					"strict" : false
				},
				{
					"name" : "LCD_Board_PB[8]",
					"strict" : false
				},
				{
					"name" : "LCD_Board_PB[7]",
					"strict" : false
				},
				{
					"name" : "LCD_Board_PB[6]",
					"strict" : false
				},
				{
					"name" : "LCD_Board_PB[5]",
					"strict" : false
				},
				{
					"name" : "LCD_Board_PB[4]",
					"strict" : false
				},
				{
					"name" : "LCD_Board_PB[3]",
					"strict" : false
				},
				{
					"name" : "LCD_Board_PB[2]",
					"strict" : false
				},
				{
					"name" : "LCD_Board_PB[1]",
					"strict" : false
				},
				{
					"name" : "LCD_Board_PB[0]",
					"strict" : false
				},
				{
					"name" : "clk",
					"strict" : false
				},
				{
					"name" : "lcd_reset",
					"strict" : false
				}
			]
		}
	]
}