<?xml version="1.0" encoding="ISO-8859-1" ?>
<link_info>
   <banner>TI ARM Linker PC v20.2.7.LTS</banner>
   <copyright>Copyright (c) 1996-2018 Texas Instruments Incorporated</copyright>
   <link_time>0x6703d369</link_time>
   <link_errors>0x0</link_errors>
   <output_file>lab4.out</output_file>
   <entry_point>
      <name>_c_int00_noargs</name>
      <address>0x9fd</address>
   </entry_point>
   <input_file_list>
      <input_file id="fl-2">
         <path>.\</path>
         <kind>object</kind>
         <file>tm4c123gh6pz_startup_ccs.obj</file>
         <name>tm4c123gh6pz_startup_ccs.obj</name>
      </input_file>
      <input_file id="fl-3">
         <path>.\src\</path>
         <kind>object</kind>
         <file>clock.obj</file>
         <name>clock.obj</name>
      </input_file>
      <input_file id="fl-4">
         <path>.\src\</path>
         <kind>object</kind>
         <file>lab4_George_Boone.obj</file>
         <name>lab4_George_Boone.obj</name>
      </input_file>
      <input_file id="fl-5">
         <path>.\src\</path>
         <kind>object</kind>
         <file>uart0.obj</file>
         <name>uart0.obj</name>
      </input_file>
      <input_file id="fl-9">
         <kind>object</kind>
         <file>&lt;internal&gt;</file>
         <name>&lt;internal&gt;</name>
      </input_file>
      <input_file id="fl-bf">
         <path>C:\ti\ccs1280\ccs\tools\compiler\ti-cgt-arm_20.2.7.LTS\lib\</path>
         <kind>archive</kind>
         <file>rtsv7M4_T_le_v4SPD16_eabi.lib</file>
         <name>copy_zero_init.c.obj</name>
      </input_file>
      <input_file id="fl-c0">
         <path>C:\ti\ccs1280\ccs\tools\compiler\ti-cgt-arm_20.2.7.LTS\lib\</path>
         <kind>archive</kind>
         <file>rtsv7M4_T_le_v4SPD16_eabi.lib</file>
         <name>copy_decompress_none.c.obj</name>
      </input_file>
      <input_file id="fl-c1">
         <path>C:\ti\ccs1280\ccs\tools\compiler\ti-cgt-arm_20.2.7.LTS\lib\</path>
         <kind>archive</kind>
         <file>rtsv7M4_T_le_v4SPD16_eabi.lib</file>
         <name>copy_decompress_lzss.c.obj</name>
      </input_file>
      <input_file id="fl-c2">
         <path>C:\ti\ccs1280\ccs\tools\compiler\ti-cgt-arm_20.2.7.LTS\lib\</path>
         <kind>archive</kind>
         <file>rtsv7M4_T_le_v4SPD16_eabi.lib</file>
         <name>strtoul.c.obj</name>
      </input_file>
      <input_file id="fl-c3">
         <path>C:\ti\ccs1280\ccs\tools\compiler\ti-cgt-arm_20.2.7.LTS\lib\</path>
         <kind>archive</kind>
         <file>rtsv7M4_T_le_v4SPD16_eabi.lib</file>
         <name>boot_cortex_m.c.obj</name>
      </input_file>
      <input_file id="fl-c4">
         <path>C:\ti\ccs1280\ccs\tools\compiler\ti-cgt-arm_20.2.7.LTS\lib\</path>
         <kind>archive</kind>
         <file>rtsv7M4_T_le_v4SPD16_eabi.lib</file>
         <name>errno.c.obj</name>
      </input_file>
      <input_file id="fl-c5">
         <path>C:\ti\ccs1280\ccs\tools\compiler\ti-cgt-arm_20.2.7.LTS\lib\</path>
         <kind>archive</kind>
         <file>rtsv7M4_T_le_v4SPD16_eabi.lib</file>
         <name>memcpy_t2.asm.obj</name>
      </input_file>
      <input_file id="fl-c6">
         <path>C:\ti\ccs1280\ccs\tools\compiler\ti-cgt-arm_20.2.7.LTS\lib\</path>
         <kind>archive</kind>
         <file>rtsv7M4_T_le_v4SPD16_eabi.lib</file>
         <name>memset_t2.asm.obj</name>
      </input_file>
      <input_file id="fl-c7">
         <path>C:\ti\ccs1280\ccs\tools\compiler\ti-cgt-arm_20.2.7.LTS\lib\</path>
         <kind>archive</kind>
         <file>rtsv7M4_T_le_v4SPD16_eabi.lib</file>
         <name>autoinit.c.obj</name>
      </input_file>
      <input_file id="fl-c8">
         <path>C:\ti\ccs1280\ccs\tools\compiler\ti-cgt-arm_20.2.7.LTS\lib\</path>
         <kind>archive</kind>
         <file>rtsv7M4_T_le_v4SPD16_eabi.lib</file>
         <name>pre_init.c.obj</name>
      </input_file>
      <input_file id="fl-c9">
         <path>C:\ti\ccs1280\ccs\tools\compiler\ti-cgt-arm_20.2.7.LTS\lib\</path>
         <kind>archive</kind>
         <file>rtsv7M4_T_le_v4SPD16_eabi.lib</file>
         <name>cpy_tbl.c.obj</name>
      </input_file>
      <input_file id="fl-ca">
         <path>C:\ti\ccs1280\ccs\tools\compiler\ti-cgt-arm_20.2.7.LTS\lib\</path>
         <kind>archive</kind>
         <file>rtsv7M4_T_le_v4SPD16_eabi.lib</file>
         <name>exit.c.obj</name>
      </input_file>
      <input_file id="fl-cb">
         <path>C:\ti\ccs1280\ccs\tools\compiler\ti-cgt-arm_20.2.7.LTS\lib\</path>
         <kind>archive</kind>
         <file>rtsv7M4_T_le_v4SPD16_eabi.lib</file>
         <name>_lock.c.obj</name>
      </input_file>
      <input_file id="fl-cc">
         <path>C:\ti\ccs1280\ccs\tools\compiler\ti-cgt-arm_20.2.7.LTS\lib\</path>
         <kind>archive</kind>
         <file>rtsv7M4_T_le_v4SPD16_eabi.lib</file>
         <name>args_main.c.obj</name>
      </input_file>
      <input_file id="fl-cd">
         <path>C:\ti\ccs1280\ccs\tools\compiler\ti-cgt-arm_20.2.7.LTS\lib\</path>
         <kind>archive</kind>
         <file>rtsv7M4_T_le_v4SPD16_eabi.lib</file>
         <name>ctype.c.obj</name>
      </input_file>
   </input_file_list>
   <object_component_list>
      <object_component id="oc-12">
         <name>.intvecs</name>
         <load_address>0x0</load_address>
         <run_address>0x0</run_address>
         <size>0x26c</size>
         <input_file_ref idref="fl-2"/>
      </object_component>
      <object_component id="oc-9b">
         <name>.text</name>
         <load_address>0x26c</load_address>
         <run_address>0x26c</run_address>
         <size>0x3e2</size>
         <input_file_ref idref="fl-4"/>
      </object_component>
      <object_component id="oc-c8">
         <name>.text</name>
         <load_address>0x650</load_address>
         <run_address>0x650</run_address>
         <size>0x154</size>
         <input_file_ref idref="fl-5"/>
      </object_component>
      <object_component id="oc-ce">
         <name>.text:strtoul</name>
         <load_address>0x7a4</load_address>
         <run_address>0x7a4</run_address>
         <size>0x110</size>
         <input_file_ref idref="fl-c2"/>
      </object_component>
      <object_component id="oc-3b">
         <name>.text</name>
         <load_address>0x8b4</load_address>
         <run_address>0x8b4</run_address>
         <size>0x9c</size>
         <input_file_ref idref="fl-c5"/>
      </object_component>
      <object_component id="oc-15">
         <name>.text:decompress:lzss:__TI_decompress_lzss</name>
         <load_address>0x950</load_address>
         <run_address>0x950</run_address>
         <size>0x68</size>
         <input_file_ref idref="fl-c1"/>
      </object_component>
      <object_component id="oc-ec">
         <name>.text:__TI_auto_init_nobinit_nopinit:__TI_auto_init_nobinit_nopinit</name>
         <load_address>0x9b8</load_address>
         <run_address>0x9b8</run_address>
         <size>0x44</size>
         <input_file_ref idref="fl-c7"/>
      </object_component>
      <object_component id="oc-59">
         <name>.text:_c_int00_noargs:_c_int00_noargs</name>
         <load_address>0x9fc</load_address>
         <run_address>0x9fc</run_address>
         <size>0x34</size>
         <input_file_ref idref="fl-c3"/>
      </object_component>
      <object_component id="oc-c2">
         <name>.text</name>
         <load_address>0xa30</load_address>
         <run_address>0xa30</run_address>
         <size>0x10</size>
         <input_file_ref idref="fl-3"/>
      </object_component>
      <object_component id="oc-1b">
         <name>.text:decompress:none:__TI_decompress_none</name>
         <load_address>0xa40</load_address>
         <run_address>0xa40</run_address>
         <size>0xe</size>
         <input_file_ref idref="fl-c0"/>
      </object_component>
      <object_component id="oc-27">
         <name>.text</name>
         <load_address>0xa4e</load_address>
         <run_address>0xa4e</run_address>
         <size>0xc</size>
         <input_file_ref idref="fl-2"/>
      </object_component>
      <object_component id="oc-121">
         <name>.text:__aeabi_errno_addr</name>
         <load_address>0xa5c</load_address>
         <run_address>0xa5c</run_address>
         <size>0x8</size>
         <input_file_ref idref="fl-c4"/>
      </object_component>
      <object_component id="oc-95">
         <name>.text:_system_pre_init</name>
         <load_address>0xa64</load_address>
         <run_address>0xa64</run_address>
         <size>0x4</size>
         <input_file_ref idref="fl-c8"/>
      </object_component>
      <object_component id="oc-e0">
         <name>.text:abort:abort</name>
         <load_address>0xa68</load_address>
         <run_address>0xa68</run_address>
         <size>0x4</size>
         <input_file_ref idref="fl-ca"/>
      </object_component>
      <object_component id="oc-127">
         <name>.const:.string:_ctypes_</name>
         <load_address>0xa6c</load_address>
         <run_address>0xa6c</run_address>
         <size>0x101</size>
         <input_file_ref idref="fl-cd"/>
      </object_component>
      <object_component id="oc-1be">
         <name>__TI_handler_table</name>
         <load_address>0xb70</load_address>
         <run_address>0xb70</run_address>
         <size>0x8</size>
      </object_component>
      <object_component id="oc-1c0">
         <name>.cinit..data.load</name>
         <load_address>0xb78</load_address>
         <run_address>0xb78</run_address>
         <size>0x7</size>
      </object_component>
      <object_component id="oc-1bf">
         <name>__TI_cinit_table</name>
         <load_address>0xb80</load_address>
         <run_address>0xb80</run_address>
         <size>0x8</size>
      </object_component>
      <object_component id="oc-155">
         <name>.data</name>
         <load_address>0x20000200</load_address>
         <run_address>0x20000200</run_address>
         <size>0x4</size>
         <input_file_ref idref="fl-c4"/>
      </object_component>
      <object_component id="oc-24">
         <name>.stack</name>
         <uninitialized>true</uninitialized>
         <run_address>0x20000000</run_address>
         <size>0x4</size>
         <input_file_ref idref="fl-c3"/>
      </object_component>
      <object_component id="oc-1c2">
         <name>.stack</name>
         <uninitialized>true</uninitialized>
         <run_address>0x20000000</run_address>
         <size>0x0</size>
      </object_component>
      <object_component id="oc-2f">
         <name>.debug_info</name>
         <load_address>0x0</load_address>
         <run_address>0x0</run_address>
         <size>0x29b</size>
         <input_file_ref idref="fl-2"/>
      </object_component>
      <object_component id="oc-13">
         <name>.debug_info</name>
         <load_address>0x29b</load_address>
         <run_address>0x29b</run_address>
         <size>0xda</size>
         <input_file_ref idref="fl-2"/>
      </object_component>
      <object_component id="oc-28">
         <name>.debug_info</name>
         <load_address>0x375</load_address>
         <run_address>0x375</run_address>
         <size>0x256</size>
         <input_file_ref idref="fl-2"/>
      </object_component>
      <object_component id="oc-70">
         <name>.debug_info</name>
         <load_address>0x5cb</load_address>
         <run_address>0x5cb</run_address>
         <size>0x26b</size>
         <input_file_ref idref="fl-2"/>
      </object_component>
      <object_component id="oc-36">
         <name>.debug_info</name>
         <load_address>0x836</load_address>
         <run_address>0x836</run_address>
         <size>0x84</size>
         <input_file_ref idref="fl-2"/>
      </object_component>
      <object_component id="oc-ad">
         <name>.debug_info</name>
         <load_address>0x8ba</load_address>
         <run_address>0x8ba</run_address>
         <size>0x2a4</size>
         <input_file_ref idref="fl-2"/>
      </object_component>
      <object_component id="oc-75">
         <name>.debug_info</name>
         <load_address>0xb5e</load_address>
         <run_address>0xb5e</run_address>
         <size>0xbb</size>
         <input_file_ref idref="fl-2"/>
      </object_component>
      <object_component id="oc-c4">
         <name>.debug_info</name>
         <load_address>0xc19</load_address>
         <run_address>0xc19</run_address>
         <size>0x113</size>
         <input_file_ref idref="fl-3"/>
      </object_component>
      <object_component id="oc-df">
         <name>.debug_info</name>
         <load_address>0xd2c</load_address>
         <run_address>0xd2c</run_address>
         <size>0x3f8</size>
         <input_file_ref idref="fl-4"/>
      </object_component>
      <object_component id="oc-9d">
         <name>.debug_info</name>
         <load_address>0x1124</load_address>
         <run_address>0x1124</run_address>
         <size>0x833</size>
         <input_file_ref idref="fl-4"/>
      </object_component>
      <object_component id="oc-da">
         <name>.debug_info</name>
         <load_address>0x1957</load_address>
         <run_address>0x1957</run_address>
         <size>0x8a</size>
         <input_file_ref idref="fl-4"/>
      </object_component>
      <object_component id="oc-d5">
         <name>.debug_info</name>
         <load_address>0x19e1</load_address>
         <run_address>0x19e1</run_address>
         <size>0x8b</size>
         <input_file_ref idref="fl-4"/>
      </object_component>
      <object_component id="oc-12e">
         <name>.debug_info</name>
         <load_address>0x1a6c</load_address>
         <run_address>0x1a6c</run_address>
         <size>0x35</size>
         <input_file_ref idref="fl-4"/>
      </object_component>
      <object_component id="oc-120">
         <name>.debug_info</name>
         <load_address>0x1aa1</load_address>
         <run_address>0x1aa1</run_address>
         <size>0x254</size>
         <input_file_ref idref="fl-5"/>
      </object_component>
      <object_component id="oc-c9">
         <name>.debug_info</name>
         <load_address>0x1cf5</load_address>
         <run_address>0x1cf5</run_address>
         <size>0x36c</size>
         <input_file_ref idref="fl-5"/>
      </object_component>
      <object_component id="oc-46">
         <name>.debug_info</name>
         <load_address>0x2061</load_address>
         <run_address>0x2061</run_address>
         <size>0x2a8</size>
         <input_file_ref idref="fl-c0"/>
      </object_component>
      <object_component id="oc-1c">
         <name>.debug_info</name>
         <load_address>0x2309</load_address>
         <run_address>0x2309</run_address>
         <size>0x1ea</size>
         <input_file_ref idref="fl-c0"/>
      </object_component>
      <object_component id="oc-41">
         <name>.debug_info</name>
         <load_address>0x24f3</load_address>
         <run_address>0x24f3</run_address>
         <size>0x46</size>
         <input_file_ref idref="fl-c0"/>
      </object_component>
      <object_component id="oc-81">
         <name>.debug_info</name>
         <load_address>0x2539</load_address>
         <run_address>0x2539</run_address>
         <size>0x2c</size>
         <input_file_ref idref="fl-c0"/>
      </object_component>
      <object_component id="oc-7f">
         <name>.debug_info</name>
         <load_address>0x2565</load_address>
         <run_address>0x2565</run_address>
         <size>0x29e</size>
         <input_file_ref idref="fl-c1"/>
      </object_component>
      <object_component id="oc-17">
         <name>.debug_info</name>
         <load_address>0x2803</load_address>
         <run_address>0x2803</run_address>
         <size>0x250</size>
         <input_file_ref idref="fl-c1"/>
      </object_component>
      <object_component id="oc-31">
         <name>.debug_info</name>
         <load_address>0x2a53</load_address>
         <run_address>0x2a53</run_address>
         <size>0x60</size>
         <input_file_ref idref="fl-c1"/>
      </object_component>
      <object_component id="oc-b2">
         <name>.debug_info</name>
         <load_address>0x2ab3</load_address>
         <run_address>0x2ab3</run_address>
         <size>0x46</size>
         <input_file_ref idref="fl-c1"/>
      </object_component>
      <object_component id="oc-7a">
         <name>.debug_info</name>
         <load_address>0x2af9</load_address>
         <run_address>0x2af9</run_address>
         <size>0x39</size>
         <input_file_ref idref="fl-c1"/>
      </object_component>
      <object_component id="oc-12b">
         <name>.debug_info</name>
         <load_address>0x2b32</load_address>
         <run_address>0x2b32</run_address>
         <size>0x322</size>
         <input_file_ref idref="fl-c2"/>
      </object_component>
      <object_component id="oc-d2">
         <name>.debug_info</name>
         <load_address>0x2e54</load_address>
         <run_address>0x2e54</run_address>
         <size>0x231</size>
         <input_file_ref idref="fl-c2"/>
      </object_component>
      <object_component id="oc-25">
         <name>.debug_info</name>
         <load_address>0x3085</load_address>
         <run_address>0x3085</run_address>
         <size>0x10b</size>
         <input_file_ref idref="fl-c3"/>
      </object_component>
      <object_component id="oc-5c">
         <name>.debug_info</name>
         <load_address>0x3190</load_address>
         <run_address>0x3190</run_address>
         <size>0x1a9</size>
         <input_file_ref idref="fl-c3"/>
      </object_component>
      <object_component id="oc-159">
         <name>.debug_info</name>
         <load_address>0x3339</load_address>
         <run_address>0x3339</run_address>
         <size>0x289</size>
         <input_file_ref idref="fl-c4"/>
      </object_component>
      <object_component id="oc-156">
         <name>.debug_info</name>
         <load_address>0x35c2</load_address>
         <run_address>0x35c2</run_address>
         <size>0x10e</size>
         <input_file_ref idref="fl-c4"/>
      </object_component>
      <object_component id="oc-122">
         <name>.debug_info</name>
         <load_address>0x36d0</load_address>
         <run_address>0x36d0</run_address>
         <size>0x14e</size>
         <input_file_ref idref="fl-c4"/>
      </object_component>
      <object_component id="oc-3e">
         <name>.debug_info</name>
         <load_address>0x381e</load_address>
         <run_address>0x381e</run_address>
         <size>0x119</size>
         <input_file_ref idref="fl-c5"/>
      </object_component>
      <object_component id="oc-13e">
         <name>.debug_info</name>
         <load_address>0x3937</load_address>
         <run_address>0x3937</run_address>
         <size>0x4b3</size>
         <input_file_ref idref="fl-c7"/>
      </object_component>
      <object_component id="oc-f0">
         <name>.debug_info</name>
         <load_address>0x3dea</load_address>
         <run_address>0x3dea</run_address>
         <size>0x1a6</size>
         <input_file_ref idref="fl-c7"/>
      </object_component>
      <object_component id="oc-16f">
         <name>.debug_info</name>
         <load_address>0x3f90</load_address>
         <run_address>0x3f90</run_address>
         <size>0x39</size>
         <input_file_ref idref="fl-c7"/>
      </object_component>
      <object_component id="oc-189">
         <name>.debug_info</name>
         <load_address>0x3fc9</load_address>
         <run_address>0x3fc9</run_address>
         <size>0x39</size>
         <input_file_ref idref="fl-c7"/>
      </object_component>
      <object_component id="oc-174">
         <name>.debug_info</name>
         <load_address>0x4002</load_address>
         <run_address>0x4002</run_address>
         <size>0x39</size>
         <input_file_ref idref="fl-c7"/>
      </object_component>
      <object_component id="oc-179">
         <name>.debug_info</name>
         <load_address>0x403b</load_address>
         <run_address>0x403b</run_address>
         <size>0xcd</size>
         <input_file_ref idref="fl-c7"/>
      </object_component>
      <object_component id="oc-96">
         <name>.debug_info</name>
         <load_address>0x4108</load_address>
         <run_address>0x4108</run_address>
         <size>0x153</size>
         <input_file_ref idref="fl-c8"/>
      </object_component>
      <object_component id="oc-e1">
         <name>.debug_info</name>
         <load_address>0x425b</load_address>
         <run_address>0x425b</run_address>
         <size>0x122</size>
         <input_file_ref idref="fl-ca"/>
      </object_component>
      <object_component id="oc-15c">
         <name>.debug_info</name>
         <load_address>0x437d</load_address>
         <run_address>0x437d</run_address>
         <size>0xf9</size>
         <input_file_ref idref="fl-cd"/>
      </object_component>
      <object_component id="oc-128">
         <name>.debug_info</name>
         <load_address>0x4476</load_address>
         <run_address>0x4476</run_address>
         <size>0x105</size>
         <input_file_ref idref="fl-cd"/>
      </object_component>
      <object_component id="oc-1c3">
         <name>.debug_info</name>
         <load_address>0x457b</load_address>
         <run_address>0x457b</run_address>
         <size>0x8d</size>
      </object_component>
      <object_component id="oc-6f">
         <name>.debug_line</name>
         <load_address>0x0</load_address>
         <run_address>0x0</run_address>
         <size>0x41</size>
         <input_file_ref idref="fl-2"/>
      </object_component>
      <object_component id="oc-2e">
         <name>.debug_line</name>
         <load_address>0x41</load_address>
         <run_address>0x41</run_address>
         <size>0x41</size>
         <input_file_ref idref="fl-2"/>
      </object_component>
      <object_component id="oc-2b">
         <name>.debug_line</name>
         <load_address>0x82</load_address>
         <run_address>0x82</run_address>
         <size>0xa1</size>
         <input_file_ref idref="fl-2"/>
      </object_component>
      <object_component id="oc-73">
         <name>.debug_line</name>
         <load_address>0x123</load_address>
         <run_address>0x123</run_address>
         <size>0x6f</size>
         <input_file_ref idref="fl-2"/>
      </object_component>
      <object_component id="oc-39">
         <name>.debug_line</name>
         <load_address>0x192</load_address>
         <run_address>0x192</run_address>
         <size>0x20</size>
         <input_file_ref idref="fl-2"/>
      </object_component>
      <object_component id="oc-b0">
         <name>.debug_line</name>
         <load_address>0x1b2</load_address>
         <run_address>0x1b2</run_address>
         <size>0x73</size>
         <input_file_ref idref="fl-2"/>
      </object_component>
      <object_component id="oc-78">
         <name>.debug_line</name>
         <load_address>0x225</load_address>
         <run_address>0x225</run_address>
         <size>0x70</size>
         <input_file_ref idref="fl-2"/>
      </object_component>
      <object_component id="oc-c7">
         <name>.debug_line</name>
         <load_address>0x295</load_address>
         <run_address>0x295</run_address>
         <size>0x47</size>
         <input_file_ref idref="fl-3"/>
      </object_component>
      <object_component id="oc-12d">
         <name>.debug_line</name>
         <load_address>0x2dc</load_address>
         <run_address>0x2dc</run_address>
         <size>0x8f</size>
         <input_file_ref idref="fl-4"/>
      </object_component>
      <object_component id="oc-a0">
         <name>.debug_line</name>
         <load_address>0x36b</load_address>
         <run_address>0x36b</run_address>
         <size>0x205</size>
         <input_file_ref idref="fl-4"/>
      </object_component>
      <object_component id="oc-dd">
         <name>.debug_line</name>
         <load_address>0x570</load_address>
         <run_address>0x570</run_address>
         <size>0x3e</size>
         <input_file_ref idref="fl-4"/>
      </object_component>
      <object_component id="oc-d8">
         <name>.debug_line</name>
         <load_address>0x5ae</load_address>
         <run_address>0x5ae</run_address>
         <size>0x20</size>
         <input_file_ref idref="fl-4"/>
      </object_component>
      <object_component id="oc-131">
         <name>.debug_line</name>
         <load_address>0x5ce</load_address>
         <run_address>0x5ce</run_address>
         <size>0x74</size>
         <input_file_ref idref="fl-4"/>
      </object_component>
      <object_component id="oc-154">
         <name>.debug_line</name>
         <load_address>0x642</load_address>
         <run_address>0x642</run_address>
         <size>0x20</size>
         <input_file_ref idref="fl-5"/>
      </object_component>
      <object_component id="oc-cc">
         <name>.debug_line</name>
         <load_address>0x662</load_address>
         <run_address>0x662</run_address>
         <size>0xef</size>
         <input_file_ref idref="fl-5"/>
      </object_component>
      <object_component id="oc-87">
         <name>.debug_line</name>
         <load_address>0x751</load_address>
         <run_address>0x751</run_address>
         <size>0x20</size>
         <input_file_ref idref="fl-c0"/>
      </object_component>
      <object_component id="oc-1f">
         <name>.debug_line</name>
         <load_address>0x771</load_address>
         <run_address>0x771</run_address>
         <size>0x55</size>
         <input_file_ref idref="fl-c0"/>
      </object_component>
      <object_component id="oc-44">
         <name>.debug_line</name>
         <load_address>0x7c6</load_address>
         <run_address>0x7c6</run_address>
         <size>0x3a</size>
         <input_file_ref idref="fl-c0"/>
      </object_component>
      <object_component id="oc-84">
         <name>.debug_line</name>
         <load_address>0x800</load_address>
         <run_address>0x800</run_address>
         <size>0x92</size>
         <input_file_ref idref="fl-c0"/>
      </object_component>
      <object_component id="oc-b8">
         <name>.debug_line</name>
         <load_address>0x892</load_address>
         <run_address>0x892</run_address>
         <size>0x20</size>
         <input_file_ref idref="fl-c1"/>
      </object_component>
      <object_component id="oc-16">
         <name>.debug_line</name>
         <load_address>0x8b2</load_address>
         <run_address>0x8b2</run_address>
         <size>0xa9</size>
         <input_file_ref idref="fl-c1"/>
      </object_component>
      <object_component id="oc-34">
         <name>.debug_line</name>
         <load_address>0x95b</load_address>
         <run_address>0x95b</run_address>
         <size>0x3a</size>
         <input_file_ref idref="fl-c1"/>
      </object_component>
      <object_component id="oc-b5">
         <name>.debug_line</name>
         <load_address>0x995</load_address>
         <run_address>0x995</run_address>
         <size>0x9a</size>
         <input_file_ref idref="fl-c1"/>
      </object_component>
      <object_component id="oc-7d">
         <name>.debug_line</name>
         <load_address>0xa2f</load_address>
         <run_address>0xa2f</run_address>
         <size>0x96</size>
         <input_file_ref idref="fl-c1"/>
      </object_component>
      <object_component id="oc-15e">
         <name>.debug_line</name>
         <load_address>0xac5</load_address>
         <run_address>0xac5</run_address>
         <size>0x102</size>
         <input_file_ref idref="fl-c2"/>
      </object_component>
      <object_component id="oc-d0">
         <name>.debug_line</name>
         <load_address>0xbc7</load_address>
         <run_address>0xbc7</run_address>
         <size>0xbc</size>
         <input_file_ref idref="fl-c2"/>
      </object_component>
      <object_component id="oc-6c">
         <name>.debug_line</name>
         <load_address>0xc83</load_address>
         <run_address>0xc83</run_address>
         <size>0x33</size>
         <input_file_ref idref="fl-c3"/>
      </object_component>
      <object_component id="oc-5b">
         <name>.debug_line</name>
         <load_address>0xcb6</load_address>
         <run_address>0xcb6</run_address>
         <size>0x45</size>
         <input_file_ref idref="fl-c3"/>
      </object_component>
      <object_component id="oc-183">
         <name>.debug_line</name>
         <load_address>0xcfb</load_address>
         <run_address>0xcfb</run_address>
         <size>0x20</size>
         <input_file_ref idref="fl-c4"/>
      </object_component>
      <object_component id="oc-181">
         <name>.debug_line</name>
         <load_address>0xd1b</load_address>
         <run_address>0xd1b</run_address>
         <size>0x2b</size>
         <input_file_ref idref="fl-c4"/>
      </object_component>
      <object_component id="oc-126">
         <name>.debug_line</name>
         <load_address>0xd46</load_address>
         <run_address>0xd46</run_address>
         <size>0x40</size>
         <input_file_ref idref="fl-c4"/>
      </object_component>
      <object_component id="oc-3c">
         <name>.debug_line</name>
         <load_address>0xd86</load_address>
         <run_address>0xd86</run_address>
         <size>0x88</size>
         <input_file_ref idref="fl-c5"/>
      </object_component>
      <object_component id="oc-16e">
         <name>.debug_line</name>
         <load_address>0xe0e</load_address>
         <run_address>0xe0e</run_address>
         <size>0xbf</size>
         <input_file_ref idref="fl-c7"/>
      </object_component>
      <object_component id="oc-ed">
         <name>.debug_line</name>
         <load_address>0xecd</load_address>
         <run_address>0xecd</run_address>
         <size>0x6f</size>
         <input_file_ref idref="fl-c7"/>
      </object_component>
      <object_component id="oc-172">
         <name>.debug_line</name>
         <load_address>0xf3c</load_address>
         <run_address>0xf3c</run_address>
         <size>0x2e</size>
         <input_file_ref idref="fl-c7"/>
      </object_component>
      <object_component id="oc-18c">
         <name>.debug_line</name>
         <load_address>0xf6a</load_address>
         <run_address>0xf6a</run_address>
         <size>0x9a</size>
         <input_file_ref idref="fl-c7"/>
      </object_component>
      <object_component id="oc-177">
         <name>.debug_line</name>
         <load_address>0x1004</load_address>
         <run_address>0x1004</run_address>
         <size>0x97</size>
         <input_file_ref idref="fl-c7"/>
      </object_component>
      <object_component id="oc-17c">
         <name>.debug_line</name>
         <load_address>0x109b</load_address>
         <run_address>0x109b</run_address>
         <size>0x93</size>
         <input_file_ref idref="fl-c7"/>
      </object_component>
      <object_component id="oc-9a">
         <name>.debug_line</name>
         <load_address>0x112e</load_address>
         <run_address>0x112e</run_address>
         <size>0x40</size>
         <input_file_ref idref="fl-c8"/>
      </object_component>
      <object_component id="oc-e5">
         <name>.debug_line</name>
         <load_address>0x116e</load_address>
         <run_address>0x116e</run_address>
         <size>0x3c</size>
         <input_file_ref idref="fl-ca"/>
      </object_component>
      <object_component id="oc-185">
         <name>.debug_line</name>
         <load_address>0x11aa</load_address>
         <run_address>0x11aa</run_address>
         <size>0x20</size>
         <input_file_ref idref="fl-cd"/>
      </object_component>
      <object_component id="oc-15b">
         <name>.debug_line</name>
         <load_address>0x11ca</load_address>
         <run_address>0x11ca</run_address>
         <size>0x2b</size>
         <input_file_ref idref="fl-cd"/>
      </object_component>
      <object_component id="oc-2c">
         <name>.debug_frame</name>
         <load_address>0x0</load_address>
         <run_address>0x0</run_address>
         <size>0x90</size>
         <input_file_ref idref="fl-2"/>
      </object_component>
      <object_component id="oc-c3">
         <name>.debug_frame</name>
         <load_address>0x90</load_address>
         <run_address>0x90</run_address>
         <size>0x54</size>
         <input_file_ref idref="fl-3"/>
      </object_component>
      <object_component id="oc-9c">
         <name>.debug_frame</name>
         <load_address>0xe4</load_address>
         <run_address>0xe4</run_address>
         <size>0x100</size>
         <input_file_ref idref="fl-4"/>
      </object_component>
      <object_component id="oc-cd">
         <name>.debug_frame</name>
         <load_address>0x1e4</load_address>
         <run_address>0x1e4</run_address>
         <size>0xc8</size>
         <input_file_ref idref="fl-5"/>
      </object_component>
      <object_component id="oc-20">
         <name>.debug_frame</name>
         <load_address>0x2ac</load_address>
         <run_address>0x2ac</run_address>
         <size>0x54</size>
         <input_file_ref idref="fl-c0"/>
      </object_component>
      <object_component id="oc-1a">
         <name>.debug_frame</name>
         <load_address>0x300</load_address>
         <run_address>0x300</run_address>
         <size>0x60</size>
         <input_file_ref idref="fl-c1"/>
      </object_component>
      <object_component id="oc-d1">
         <name>.debug_frame</name>
         <load_address>0x360</load_address>
         <run_address>0x360</run_address>
         <size>0x6c</size>
         <input_file_ref idref="fl-c2"/>
      </object_component>
      <object_component id="oc-5e">
         <name>.debug_frame</name>
         <load_address>0x3cc</load_address>
         <run_address>0x3cc</run_address>
         <size>0x50</size>
         <input_file_ref idref="fl-c3"/>
      </object_component>
      <object_component id="oc-125">
         <name>.debug_frame</name>
         <load_address>0x41c</load_address>
         <run_address>0x41c</run_address>
         <size>0x54</size>
         <input_file_ref idref="fl-c4"/>
      </object_component>
      <object_component id="oc-ef">
         <name>.debug_frame</name>
         <load_address>0x470</load_address>
         <run_address>0x470</run_address>
         <size>0x5c</size>
         <input_file_ref idref="fl-c7"/>
      </object_component>
      <object_component id="oc-99">
         <name>.debug_frame</name>
         <load_address>0x4cc</load_address>
         <run_address>0x4cc</run_address>
         <size>0x54</size>
         <input_file_ref idref="fl-c8"/>
      </object_component>
      <object_component id="oc-e4">
         <name>.debug_frame</name>
         <load_address>0x520</load_address>
         <run_address>0x520</run_address>
         <size>0x54</size>
         <input_file_ref idref="fl-ca"/>
      </object_component>
      <object_component id="oc-6e">
         <name>.debug_abbrev</name>
         <load_address>0x0</load_address>
         <run_address>0x0</run_address>
         <size>0x68</size>
         <input_file_ref idref="fl-2"/>
      </object_component>
      <object_component id="oc-2d">
         <name>.debug_abbrev</name>
         <load_address>0x68</load_address>
         <run_address>0x68</run_address>
         <size>0x29</size>
         <input_file_ref idref="fl-2"/>
      </object_component>
      <object_component id="oc-6d">
         <name>.debug_abbrev</name>
         <load_address>0x91</load_address>
         <run_address>0x91</run_address>
         <size>0x79</size>
         <input_file_ref idref="fl-2"/>
      </object_component>
      <object_component id="oc-72">
         <name>.debug_abbrev</name>
         <load_address>0x10a</load_address>
         <run_address>0x10a</run_address>
         <size>0x69</size>
         <input_file_ref idref="fl-2"/>
      </object_component>
      <object_component id="oc-38">
         <name>.debug_abbrev</name>
         <load_address>0x173</load_address>
         <run_address>0x173</run_address>
         <size>0x1f</size>
         <input_file_ref idref="fl-2"/>
      </object_component>
      <object_component id="oc-af">
         <name>.debug_abbrev</name>
         <load_address>0x192</load_address>
         <run_address>0x192</run_address>
         <size>0x5c</size>
         <input_file_ref idref="fl-2"/>
      </object_component>
      <object_component id="oc-77">
         <name>.debug_abbrev</name>
         <load_address>0x1ee</load_address>
         <run_address>0x1ee</run_address>
         <size>0x24</size>
         <input_file_ref idref="fl-2"/>
      </object_component>
      <object_component id="oc-11e">
         <name>.debug_abbrev</name>
         <load_address>0x212</load_address>
         <run_address>0x212</run_address>
         <size>0x50</size>
         <input_file_ref idref="fl-3"/>
      </object_component>
      <object_component id="oc-12c">
         <name>.debug_abbrev</name>
         <load_address>0x262</load_address>
         <run_address>0x262</run_address>
         <size>0xca</size>
         <input_file_ref idref="fl-4"/>
      </object_component>
      <object_component id="oc-d4">
         <name>.debug_abbrev</name>
         <load_address>0x32c</load_address>
         <run_address>0x32c</run_address>
         <size>0xb4</size>
         <input_file_ref idref="fl-4"/>
      </object_component>
      <object_component id="oc-dc">
         <name>.debug_abbrev</name>
         <load_address>0x3e0</load_address>
         <run_address>0x3e0</run_address>
         <size>0x4b</size>
         <input_file_ref idref="fl-4"/>
      </object_component>
      <object_component id="oc-d7">
         <name>.debug_abbrev</name>
         <load_address>0x42b</load_address>
         <run_address>0x42b</run_address>
         <size>0x1f</size>
         <input_file_ref idref="fl-4"/>
      </object_component>
      <object_component id="oc-130">
         <name>.debug_abbrev</name>
         <load_address>0x44a</load_address>
         <run_address>0x44a</run_address>
         <size>0x33</size>
         <input_file_ref idref="fl-4"/>
      </object_component>
      <object_component id="oc-153">
         <name>.debug_abbrev</name>
         <load_address>0x47d</load_address>
         <run_address>0x47d</run_address>
         <size>0x27</size>
         <input_file_ref idref="fl-5"/>
      </object_component>
      <object_component id="oc-11f">
         <name>.debug_abbrev</name>
         <load_address>0x4a4</load_address>
         <run_address>0x4a4</run_address>
         <size>0xa9</size>
         <input_file_ref idref="fl-5"/>
      </object_component>
      <object_component id="oc-86">
         <name>.debug_abbrev</name>
         <load_address>0x54d</load_address>
         <run_address>0x54d</run_address>
         <size>0x37</size>
         <input_file_ref idref="fl-c0"/>
      </object_component>
      <object_component id="oc-40">
         <name>.debug_abbrev</name>
         <load_address>0x584</load_address>
         <run_address>0x584</run_address>
         <size>0x74</size>
         <input_file_ref idref="fl-c0"/>
      </object_component>
      <object_component id="oc-43">
         <name>.debug_abbrev</name>
         <load_address>0x5f8</load_address>
         <run_address>0x5f8</run_address>
         <size>0x24</size>
         <input_file_ref idref="fl-c0"/>
      </object_component>
      <object_component id="oc-83">
         <name>.debug_abbrev</name>
         <load_address>0x61c</load_address>
         <run_address>0x61c</run_address>
         <size>0x24</size>
         <input_file_ref idref="fl-c0"/>
      </object_component>
      <object_component id="oc-b7">
         <name>.debug_abbrev</name>
         <load_address>0x640</load_address>
         <run_address>0x640</run_address>
         <size>0x37</size>
         <input_file_ref idref="fl-c1"/>
      </object_component>
      <object_component id="oc-30">
         <name>.debug_abbrev</name>
         <load_address>0x677</load_address>
         <run_address>0x677</run_address>
         <size>0x6f</size>
         <input_file_ref idref="fl-c1"/>
      </object_component>
      <object_component id="oc-33">
         <name>.debug_abbrev</name>
         <load_address>0x6e6</load_address>
         <run_address>0x6e6</run_address>
         <size>0x24</size>
         <input_file_ref idref="fl-c1"/>
      </object_component>
      <object_component id="oc-b4">
         <name>.debug_abbrev</name>
         <load_address>0x70a</load_address>
         <run_address>0x70a</run_address>
         <size>0x35</size>
         <input_file_ref idref="fl-c1"/>
      </object_component>
      <object_component id="oc-7c">
         <name>.debug_abbrev</name>
         <load_address>0x73f</load_address>
         <run_address>0x73f</run_address>
         <size>0x24</size>
         <input_file_ref idref="fl-c1"/>
      </object_component>
      <object_component id="oc-15d">
         <name>.debug_abbrev</name>
         <load_address>0x763</load_address>
         <run_address>0x763</run_address>
         <size>0x8c</size>
         <input_file_ref idref="fl-c2"/>
      </object_component>
      <object_component id="oc-12a">
         <name>.debug_abbrev</name>
         <load_address>0x7ef</load_address>
         <run_address>0x7ef</run_address>
         <size>0x7f</size>
         <input_file_ref idref="fl-c2"/>
      </object_component>
      <object_component id="oc-6b">
         <name>.debug_abbrev</name>
         <load_address>0x86e</load_address>
         <run_address>0x86e</run_address>
         <size>0x29</size>
         <input_file_ref idref="fl-c3"/>
      </object_component>
      <object_component id="oc-a4">
         <name>.debug_abbrev</name>
         <load_address>0x897</load_address>
         <run_address>0x897</run_address>
         <size>0x55</size>
         <input_file_ref idref="fl-c3"/>
      </object_component>
      <object_component id="oc-182">
         <name>.debug_abbrev</name>
         <load_address>0x8ec</load_address>
         <run_address>0x8ec</run_address>
         <size>0x2e</size>
         <input_file_ref idref="fl-c4"/>
      </object_component>
      <object_component id="oc-180">
         <name>.debug_abbrev</name>
         <load_address>0x91a</load_address>
         <run_address>0x91a</run_address>
         <size>0x27</size>
         <input_file_ref idref="fl-c4"/>
      </object_component>
      <object_component id="oc-158">
         <name>.debug_abbrev</name>
         <load_address>0x941</load_address>
         <run_address>0x941</run_address>
         <size>0x55</size>
         <input_file_ref idref="fl-c4"/>
      </object_component>
      <object_component id="oc-80">
         <name>.debug_abbrev</name>
         <load_address>0x996</load_address>
         <run_address>0x996</run_address>
         <size>0x3e</size>
         <input_file_ref idref="fl-c5"/>
      </object_component>
      <object_component id="oc-16d">
         <name>.debug_abbrev</name>
         <load_address>0x9d4</load_address>
         <run_address>0x9d4</run_address>
         <size>0xc0</size>
         <input_file_ref idref="fl-c7"/>
      </object_component>
      <object_component id="oc-13d">
         <name>.debug_abbrev</name>
         <load_address>0xa94</load_address>
         <run_address>0xa94</run_address>
         <size>0x7e</size>
         <input_file_ref idref="fl-c7"/>
      </object_component>
      <object_component id="oc-171">
         <name>.debug_abbrev</name>
         <load_address>0xb12</load_address>
         <run_address>0xb12</run_address>
         <size>0x24</size>
         <input_file_ref idref="fl-c7"/>
      </object_component>
      <object_component id="oc-18b">
         <name>.debug_abbrev</name>
         <load_address>0xb36</load_address>
         <run_address>0xb36</run_address>
         <size>0x24</size>
         <input_file_ref idref="fl-c7"/>
      </object_component>
      <object_component id="oc-176">
         <name>.debug_abbrev</name>
         <load_address>0xb5a</load_address>
         <run_address>0xb5a</run_address>
         <size>0x24</size>
         <input_file_ref idref="fl-c7"/>
      </object_component>
      <object_component id="oc-17b">
         <name>.debug_abbrev</name>
         <load_address>0xb7e</load_address>
         <run_address>0xb7e</run_address>
         <size>0x4b</size>
         <input_file_ref idref="fl-c7"/>
      </object_component>
      <object_component id="oc-c1">
         <name>.debug_abbrev</name>
         <load_address>0xbc9</load_address>
         <run_address>0xbc9</run_address>
         <size>0x55</size>
         <input_file_ref idref="fl-c8"/>
      </object_component>
      <object_component id="oc-133">
         <name>.debug_abbrev</name>
         <load_address>0xc1e</load_address>
         <run_address>0xc1e</run_address>
         <size>0x45</size>
         <input_file_ref idref="fl-ca"/>
      </object_component>
      <object_component id="oc-184">
         <name>.debug_abbrev</name>
         <load_address>0xc63</load_address>
         <run_address>0xc63</run_address>
         <size>0x2e</size>
         <input_file_ref idref="fl-cd"/>
      </object_component>
      <object_component id="oc-15a">
         <name>.debug_abbrev</name>
         <load_address>0xc91</load_address>
         <run_address>0xc91</run_address>
         <size>0x29</size>
         <input_file_ref idref="fl-cd"/>
      </object_component>
      <object_component id="oc-1c4">
         <name>.debug_abbrev</name>
         <load_address>0xcba</load_address>
         <run_address>0xcba</run_address>
         <size>0xf</size>
      </object_component>
      <object_component id="oc-74">
         <name>.debug_str</name>
         <load_address>0x0</load_address>
         <run_address>0x0</run_address>
         <size>0x29e</size>
         <input_file_ref idref="fl-2"/>
      </object_component>
      <object_component id="oc-3a">
         <name>.debug_str</name>
         <load_address>0x29e</load_address>
         <run_address>0x29e</run_address>
         <size>0xfd</size>
         <input_file_ref idref="fl-2"/>
      </object_component>
      <object_component id="oc-b1">
         <name>.debug_str</name>
         <load_address>0x39b</load_address>
         <run_address>0x39b</run_address>
         <size>0x334</size>
         <input_file_ref idref="fl-2"/>
      </object_component>
      <object_component id="oc-79">
         <name>.debug_str</name>
         <load_address>0x6cf</load_address>
         <run_address>0x6cf</run_address>
         <size>0x136</size>
         <input_file_ref idref="fl-2"/>
      </object_component>
      <object_component id="oc-de">
         <name>.debug_str</name>
         <load_address>0x805</load_address>
         <run_address>0x805</run_address>
         <size>0xdb</size>
         <input_file_ref idref="fl-4"/>
      </object_component>
      <object_component id="oc-d9">
         <name>.debug_str</name>
         <load_address>0x8e0</load_address>
         <run_address>0x8e0</run_address>
         <size>0xfd</size>
         <input_file_ref idref="fl-4"/>
      </object_component>
      <object_component id="oc-132">
         <name>.debug_str</name>
         <load_address>0x9dd</load_address>
         <run_address>0x9dd</run_address>
         <size>0xe4</size>
         <input_file_ref idref="fl-4"/>
      </object_component>
      <object_component id="oc-45">
         <name>.debug_str</name>
         <load_address>0xac1</load_address>
         <run_address>0xac1</run_address>
         <size>0x10b</size>
         <input_file_ref idref="fl-c0"/>
      </object_component>
      <object_component id="oc-85">
         <name>.debug_str</name>
         <load_address>0xbcc</load_address>
         <run_address>0xbcc</run_address>
         <size>0x140</size>
         <input_file_ref idref="fl-c0"/>
      </object_component>
      <object_component id="oc-35">
         <name>.debug_str</name>
         <load_address>0xd0c</load_address>
         <run_address>0xd0c</run_address>
         <size>0x118</size>
         <input_file_ref idref="fl-c1"/>
      </object_component>
      <object_component id="oc-b6">
         <name>.debug_str</name>
         <load_address>0xe24</load_address>
         <run_address>0xe24</run_address>
         <size>0x16b</size>
         <input_file_ref idref="fl-c1"/>
      </object_component>
      <object_component id="oc-7e">
         <name>.debug_str</name>
         <load_address>0xf8f</load_address>
         <run_address>0xf8f</run_address>
         <size>0x158</size>
         <input_file_ref idref="fl-c1"/>
      </object_component>
      <object_component id="oc-173">
         <name>.debug_str</name>
         <load_address>0x10e7</load_address>
         <run_address>0x10e7</run_address>
         <size>0xed</size>
         <input_file_ref idref="fl-c7"/>
      </object_component>
      <object_component id="oc-18d">
         <name>.debug_str</name>
         <load_address>0x11d4</load_address>
         <run_address>0x11d4</run_address>
         <size>0x157</size>
         <input_file_ref idref="fl-c7"/>
      </object_component>
      <object_component id="oc-178">
         <name>.debug_str</name>
         <load_address>0x132b</load_address>
         <run_address>0x132b</run_address>
         <size>0x150</size>
         <input_file_ref idref="fl-c7"/>
      </object_component>
      <object_component id="oc-17d">
         <name>.debug_str</name>
         <load_address>0x147b</load_address>
         <run_address>0x147b</run_address>
         <size>0x197</size>
         <input_file_ref idref="fl-c7"/>
      </object_component>
      <object_component id="oc-29">
         <name>.debug_aranges</name>
         <load_address>0x0</load_address>
         <run_address>0x0</run_address>
         <size>0x38</size>
         <input_file_ref idref="fl-2"/>
      </object_component>
      <object_component id="oc-c5">
         <name>.debug_aranges</name>
         <load_address>0x38</load_address>
         <run_address>0x38</run_address>
         <size>0x20</size>
         <input_file_ref idref="fl-3"/>
      </object_component>
      <object_component id="oc-9f">
         <name>.debug_aranges</name>
         <load_address>0x58</load_address>
         <run_address>0x58</run_address>
         <size>0x50</size>
         <input_file_ref idref="fl-4"/>
      </object_component>
      <object_component id="oc-cb">
         <name>.debug_aranges</name>
         <load_address>0xa8</load_address>
         <run_address>0xa8</run_address>
         <size>0x48</size>
         <input_file_ref idref="fl-5"/>
      </object_component>
      <object_component id="oc-1d">
         <name>.debug_aranges</name>
         <load_address>0xf0</load_address>
         <run_address>0xf0</run_address>
         <size>0x20</size>
         <input_file_ref idref="fl-c0"/>
      </object_component>
      <object_component id="oc-19">
         <name>.debug_aranges</name>
         <load_address>0x110</load_address>
         <run_address>0x110</run_address>
         <size>0x20</size>
         <input_file_ref idref="fl-c1"/>
      </object_component>
      <object_component id="oc-cf">
         <name>.debug_aranges</name>
         <load_address>0x130</load_address>
         <run_address>0x130</run_address>
         <size>0x20</size>
         <input_file_ref idref="fl-c2"/>
      </object_component>
      <object_component id="oc-5a">
         <name>.debug_aranges</name>
         <load_address>0x150</load_address>
         <run_address>0x150</run_address>
         <size>0x20</size>
         <input_file_ref idref="fl-c3"/>
      </object_component>
      <object_component id="oc-124">
         <name>.debug_aranges</name>
         <load_address>0x170</load_address>
         <run_address>0x170</run_address>
         <size>0x20</size>
         <input_file_ref idref="fl-c4"/>
      </object_component>
      <object_component id="oc-3d">
         <name>.debug_aranges</name>
         <load_address>0x190</load_address>
         <run_address>0x190</run_address>
         <size>0x20</size>
         <input_file_ref idref="fl-c5"/>
      </object_component>
      <object_component id="oc-ee">
         <name>.debug_aranges</name>
         <load_address>0x1b0</load_address>
         <run_address>0x1b0</run_address>
         <size>0x20</size>
         <input_file_ref idref="fl-c7"/>
      </object_component>
      <object_component id="oc-98">
         <name>.debug_aranges</name>
         <load_address>0x1d0</load_address>
         <run_address>0x1d0</run_address>
         <size>0x20</size>
         <input_file_ref idref="fl-c8"/>
      </object_component>
      <object_component id="oc-e2">
         <name>.debug_aranges</name>
         <load_address>0x1f0</load_address>
         <run_address>0x1f0</run_address>
         <size>0x20</size>
         <input_file_ref idref="fl-ca"/>
      </object_component>
      <object_component id="oc-14">
         <name>.debug_pubnames</name>
         <load_address>0x0</load_address>
         <run_address>0x0</run_address>
         <size>0x23</size>
         <input_file_ref idref="fl-2"/>
      </object_component>
      <object_component id="oc-2a">
         <name>.debug_pubnames</name>
         <load_address>0x23</load_address>
         <run_address>0x23</run_address>
         <size>0x4c</size>
         <input_file_ref idref="fl-2"/>
      </object_component>
      <object_component id="oc-c6">
         <name>.debug_pubnames</name>
         <load_address>0x6f</load_address>
         <run_address>0x6f</run_address>
         <size>0x2d</size>
         <input_file_ref idref="fl-3"/>
      </object_component>
      <object_component id="oc-9e">
         <name>.debug_pubnames</name>
         <load_address>0x9c</load_address>
         <run_address>0x9c</run_address>
         <size>0x79</size>
         <input_file_ref idref="fl-4"/>
      </object_component>
      <object_component id="oc-ca">
         <name>.debug_pubnames</name>
         <load_address>0x115</load_address>
         <run_address>0x115</run_address>
         <size>0x6e</size>
         <input_file_ref idref="fl-5"/>
      </object_component>
      <object_component id="oc-1e">
         <name>.debug_pubnames</name>
         <load_address>0x183</load_address>
         <run_address>0x183</run_address>
         <size>0x2b</size>
         <input_file_ref idref="fl-c0"/>
      </object_component>
      <object_component id="oc-18">
         <name>.debug_pubnames</name>
         <load_address>0x1ae</load_address>
         <run_address>0x1ae</run_address>
         <size>0x2b</size>
         <input_file_ref idref="fl-c1"/>
      </object_component>
      <object_component id="oc-d3">
         <name>.debug_pubnames</name>
         <load_address>0x1d9</load_address>
         <run_address>0x1d9</run_address>
         <size>0x1e</size>
         <input_file_ref idref="fl-c2"/>
      </object_component>
      <object_component id="oc-26">
         <name>.debug_pubnames</name>
         <load_address>0x1f7</load_address>
         <run_address>0x1f7</run_address>
         <size>0x1e</size>
         <input_file_ref idref="fl-c3"/>
      </object_component>
      <object_component id="oc-5d">
         <name>.debug_pubnames</name>
         <load_address>0x215</load_address>
         <run_address>0x215</run_address>
         <size>0x26</size>
         <input_file_ref idref="fl-c3"/>
      </object_component>
      <object_component id="oc-157">
         <name>.debug_pubnames</name>
         <load_address>0x23b</load_address>
         <run_address>0x23b</run_address>
         <size>0x24</size>
         <input_file_ref idref="fl-c4"/>
      </object_component>
      <object_component id="oc-123">
         <name>.debug_pubnames</name>
         <load_address>0x25f</load_address>
         <run_address>0x25f</run_address>
         <size>0x29</size>
         <input_file_ref idref="fl-c4"/>
      </object_component>
      <object_component id="oc-3f">
         <name>.debug_pubnames</name>
         <load_address>0x288</load_address>
         <run_address>0x288</run_address>
         <size>0x1d</size>
         <input_file_ref idref="fl-c5"/>
      </object_component>
      <object_component id="oc-f1">
         <name>.debug_pubnames</name>
         <load_address>0x2a5</load_address>
         <run_address>0x2a5</run_address>
         <size>0x35</size>
         <input_file_ref idref="fl-c7"/>
      </object_component>
      <object_component id="oc-97">
         <name>.debug_pubnames</name>
         <load_address>0x2da</load_address>
         <run_address>0x2da</run_address>
         <size>0x27</size>
         <input_file_ref idref="fl-c8"/>
      </object_component>
      <object_component id="oc-e3">
         <name>.debug_pubnames</name>
         <load_address>0x301</load_address>
         <run_address>0x301</run_address>
         <size>0x1c</size>
         <input_file_ref idref="fl-ca"/>
      </object_component>
      <object_component id="oc-129">
         <name>.debug_pubnames</name>
         <load_address>0x31d</load_address>
         <run_address>0x31d</run_address>
         <size>0x1f</size>
         <input_file_ref idref="fl-cd"/>
      </object_component>
      <object_component id="oc-71">
         <name>.debug_pubtypes</name>
         <load_address>0x0</load_address>
         <run_address>0x0</run_address>
         <size>0x25c</size>
         <input_file_ref idref="fl-2"/>
      </object_component>
      <object_component id="oc-37">
         <name>.debug_pubtypes</name>
         <load_address>0x25c</load_address>
         <run_address>0x25c</run_address>
         <size>0xed</size>
         <input_file_ref idref="fl-2"/>
      </object_component>
      <object_component id="oc-ae">
         <name>.debug_pubtypes</name>
         <load_address>0x349</load_address>
         <run_address>0x349</run_address>
         <size>0x330</size>
         <input_file_ref idref="fl-2"/>
      </object_component>
      <object_component id="oc-76">
         <name>.debug_pubtypes</name>
         <load_address>0x679</load_address>
         <run_address>0x679</run_address>
         <size>0xaa</size>
         <input_file_ref idref="fl-2"/>
      </object_component>
      <object_component id="oc-db">
         <name>.debug_pubtypes</name>
         <load_address>0x723</load_address>
         <run_address>0x723</run_address>
         <size>0x2f</size>
         <input_file_ref idref="fl-4"/>
      </object_component>
      <object_component id="oc-d6">
         <name>.debug_pubtypes</name>
         <load_address>0x752</load_address>
         <run_address>0x752</run_address>
         <size>0xff</size>
         <input_file_ref idref="fl-4"/>
      </object_component>
      <object_component id="oc-12f">
         <name>.debug_pubtypes</name>
         <load_address>0x851</load_address>
         <run_address>0x851</run_address>
         <size>0x1f</size>
         <input_file_ref idref="fl-4"/>
      </object_component>
      <object_component id="oc-42">
         <name>.debug_pubtypes</name>
         <load_address>0x870</load_address>
         <run_address>0x870</run_address>
         <size>0x48</size>
         <input_file_ref idref="fl-c0"/>
      </object_component>
      <object_component id="oc-82">
         <name>.debug_pubtypes</name>
         <load_address>0x8b8</load_address>
         <run_address>0x8b8</run_address>
         <size>0x1d</size>
         <input_file_ref idref="fl-c0"/>
      </object_component>
      <object_component id="oc-32">
         <name>.debug_pubtypes</name>
         <load_address>0x8d5</load_address>
         <run_address>0x8d5</run_address>
         <size>0x5d</size>
         <input_file_ref idref="fl-c1"/>
      </object_component>
      <object_component id="oc-b3">
         <name>.debug_pubtypes</name>
         <load_address>0x932</load_address>
         <run_address>0x932</run_address>
         <size>0x48</size>
         <input_file_ref idref="fl-c1"/>
      </object_component>
      <object_component id="oc-7b">
         <name>.debug_pubtypes</name>
         <load_address>0x97a</load_address>
         <run_address>0x97a</run_address>
         <size>0x35</size>
         <input_file_ref idref="fl-c1"/>
      </object_component>
      <object_component id="oc-170">
         <name>.debug_pubtypes</name>
         <load_address>0x9af</load_address>
         <run_address>0x9af</run_address>
         <size>0x32</size>
         <input_file_ref idref="fl-c7"/>
      </object_component>
      <object_component id="oc-18a">
         <name>.debug_pubtypes</name>
         <load_address>0x9e1</load_address>
         <run_address>0x9e1</run_address>
         <size>0x30</size>
         <input_file_ref idref="fl-c7"/>
      </object_component>
      <object_component id="oc-175">
         <name>.debug_pubtypes</name>
         <load_address>0xa11</load_address>
         <run_address>0xa11</run_address>
         <size>0x2c</size>
         <input_file_ref idref="fl-c7"/>
      </object_component>
      <object_component id="oc-17a">
         <name>.debug_pubtypes</name>
         <load_address>0xa3d</load_address>
         <run_address>0xa3d</run_address>
         <size>0x50</size>
         <input_file_ref idref="fl-c7"/>
      </object_component>
   </object_component_list>
   <logical_group_list>
      <logical_group id="lg-3" display="no" color="cyan">
         <name>.intvecs</name>
         <load_address>0x0</load_address>
         <run_address>0x0</run_address>
         <size>0x26c</size>
         <contents>
            <object_component_ref idref="oc-12"/>
         </contents>
      </logical_group>
      <logical_group id="lg-4" display="no" color="cyan">
         <name>.text</name>
         <load_address>0x26c</load_address>
         <run_address>0x26c</run_address>
         <size>0x800</size>
         <contents>
            <object_component_ref idref="oc-9b"/>
            <object_component_ref idref="oc-c8"/>
            <object_component_ref idref="oc-ce"/>
            <object_component_ref idref="oc-3b"/>
            <object_component_ref idref="oc-15"/>
            <object_component_ref idref="oc-ec"/>
            <object_component_ref idref="oc-59"/>
            <object_component_ref idref="oc-c2"/>
            <object_component_ref idref="oc-1b"/>
            <object_component_ref idref="oc-27"/>
            <object_component_ref idref="oc-121"/>
            <object_component_ref idref="oc-95"/>
            <object_component_ref idref="oc-e0"/>
         </contents>
      </logical_group>
      <logical_group id="lg-5" display="no" color="cyan">
         <name>.const</name>
         <load_address>0xa6c</load_address>
         <run_address>0xa6c</run_address>
         <size>0x101</size>
         <contents>
            <object_component_ref idref="oc-127"/>
         </contents>
      </logical_group>
      <logical_group id="lg-6" display="no" color="cyan">
         <name>.cinit</name>
         <load_address>0xb70</load_address>
         <run_address>0xb70</run_address>
         <size>0x18</size>
         <contents>
            <object_component_ref idref="oc-1be"/>
            <object_component_ref idref="oc-1c0"/>
            <object_component_ref idref="oc-1bf"/>
         </contents>
      </logical_group>
      <logical_group id="lg-7" display="no" color="cyan">
         <name>.pinit</name>
         <run_address>0x0</run_address>
         <size>0x0</size>
         <contents>
         </contents>
      </logical_group>
      <logical_group id="lg-8" display="no" color="cyan">
         <name>.init_array</name>
         <run_address>0x0</run_address>
         <size>0x0</size>
         <contents>
         </contents>
      </logical_group>
      <logical_group id="lg-9" display="no" color="cyan">
         <name>.vtable</name>
         <run_address>0x0</run_address>
         <size>0x0</size>
         <contents>
         </contents>
      </logical_group>
      <logical_group id="lg-a" display="no" color="cyan">
         <name>.data</name>
         <run_address>0x20000200</run_address>
         <size>0x4</size>
         <contents>
            <object_component_ref idref="oc-155"/>
         </contents>
      </logical_group>
      <logical_group id="lg-b" display="no" color="cyan">
         <name>.bss</name>
         <run_address>0x0</run_address>
         <size>0x0</size>
         <contents>
         </contents>
      </logical_group>
      <logical_group id="lg-c" display="no" color="cyan">
         <name>.sysmem</name>
         <run_address>0x0</run_address>
         <size>0x0</size>
         <contents>
         </contents>
      </logical_group>
      <logical_group id="lg-d" display="no" color="cyan">
         <name>.stack</name>
         <run_address>0x20000000</run_address>
         <size>0x200</size>
         <contents>
            <object_component_ref idref="oc-24"/>
            <object_component_ref idref="oc-1c2"/>
         </contents>
      </logical_group>
      <logical_group id="lg-195" display="no" color="cyan">
         <name>.TI.noinit</name>
         <run_address>0x0</run_address>
         <size>0x0</size>
         <contents>
         </contents>
      </logical_group>
      <logical_group id="lg-196" display="no" color="cyan">
         <name>.TI.persistent</name>
         <run_address>0x0</run_address>
         <size>0x0</size>
         <contents>
         </contents>
      </logical_group>
      <logical_group id="lg-197" display="no" color="cyan">
         <name>__llvm_prf_cnts</name>
         <run_address>0x20000000</run_address>
         <size>0x0</size>
         <contents>
         </contents>
      </logical_group>
      <logical_group id="lg-1a6" display="never" color="cyan">
         <name>.debug_info</name>
         <load_address>0x0</load_address>
         <run_address>0x0</run_address>
         <size>0x4608</size>
         <contents>
            <object_component_ref idref="oc-2f"/>
            <object_component_ref idref="oc-13"/>
            <object_component_ref idref="oc-28"/>
            <object_component_ref idref="oc-70"/>
            <object_component_ref idref="oc-36"/>
            <object_component_ref idref="oc-ad"/>
            <object_component_ref idref="oc-75"/>
            <object_component_ref idref="oc-c4"/>
            <object_component_ref idref="oc-df"/>
            <object_component_ref idref="oc-9d"/>
            <object_component_ref idref="oc-da"/>
            <object_component_ref idref="oc-d5"/>
            <object_component_ref idref="oc-12e"/>
            <object_component_ref idref="oc-120"/>
            <object_component_ref idref="oc-c9"/>
            <object_component_ref idref="oc-46"/>
            <object_component_ref idref="oc-1c"/>
            <object_component_ref idref="oc-41"/>
            <object_component_ref idref="oc-81"/>
            <object_component_ref idref="oc-7f"/>
            <object_component_ref idref="oc-17"/>
            <object_component_ref idref="oc-31"/>
            <object_component_ref idref="oc-b2"/>
            <object_component_ref idref="oc-7a"/>
            <object_component_ref idref="oc-12b"/>
            <object_component_ref idref="oc-d2"/>
            <object_component_ref idref="oc-25"/>
            <object_component_ref idref="oc-5c"/>
            <object_component_ref idref="oc-159"/>
            <object_component_ref idref="oc-156"/>
            <object_component_ref idref="oc-122"/>
            <object_component_ref idref="oc-3e"/>
            <object_component_ref idref="oc-13e"/>
            <object_component_ref idref="oc-f0"/>
            <object_component_ref idref="oc-16f"/>
            <object_component_ref idref="oc-189"/>
            <object_component_ref idref="oc-174"/>
            <object_component_ref idref="oc-179"/>
            <object_component_ref idref="oc-96"/>
            <object_component_ref idref="oc-e1"/>
            <object_component_ref idref="oc-15c"/>
            <object_component_ref idref="oc-128"/>
            <object_component_ref idref="oc-1c3"/>
         </contents>
      </logical_group>
      <logical_group id="lg-1a8" display="never" color="cyan">
         <name>.debug_line</name>
         <load_address>0x0</load_address>
         <run_address>0x0</run_address>
         <size>0x11f5</size>
         <contents>
            <object_component_ref idref="oc-6f"/>
            <object_component_ref idref="oc-2e"/>
            <object_component_ref idref="oc-2b"/>
            <object_component_ref idref="oc-73"/>
            <object_component_ref idref="oc-39"/>
            <object_component_ref idref="oc-b0"/>
            <object_component_ref idref="oc-78"/>
            <object_component_ref idref="oc-c7"/>
            <object_component_ref idref="oc-12d"/>
            <object_component_ref idref="oc-a0"/>
            <object_component_ref idref="oc-dd"/>
            <object_component_ref idref="oc-d8"/>
            <object_component_ref idref="oc-131"/>
            <object_component_ref idref="oc-154"/>
            <object_component_ref idref="oc-cc"/>
            <object_component_ref idref="oc-87"/>
            <object_component_ref idref="oc-1f"/>
            <object_component_ref idref="oc-44"/>
            <object_component_ref idref="oc-84"/>
            <object_component_ref idref="oc-b8"/>
            <object_component_ref idref="oc-16"/>
            <object_component_ref idref="oc-34"/>
            <object_component_ref idref="oc-b5"/>
            <object_component_ref idref="oc-7d"/>
            <object_component_ref idref="oc-15e"/>
            <object_component_ref idref="oc-d0"/>
            <object_component_ref idref="oc-6c"/>
            <object_component_ref idref="oc-5b"/>
            <object_component_ref idref="oc-183"/>
            <object_component_ref idref="oc-181"/>
            <object_component_ref idref="oc-126"/>
            <object_component_ref idref="oc-3c"/>
            <object_component_ref idref="oc-16e"/>
            <object_component_ref idref="oc-ed"/>
            <object_component_ref idref="oc-172"/>
            <object_component_ref idref="oc-18c"/>
            <object_component_ref idref="oc-177"/>
            <object_component_ref idref="oc-17c"/>
            <object_component_ref idref="oc-9a"/>
            <object_component_ref idref="oc-e5"/>
            <object_component_ref idref="oc-185"/>
            <object_component_ref idref="oc-15b"/>
         </contents>
      </logical_group>
      <logical_group id="lg-1aa" display="never" color="cyan">
         <name>.debug_frame</name>
         <load_address>0x0</load_address>
         <run_address>0x0</run_address>
         <size>0x574</size>
         <contents>
            <object_component_ref idref="oc-2c"/>
            <object_component_ref idref="oc-c3"/>
            <object_component_ref idref="oc-9c"/>
            <object_component_ref idref="oc-cd"/>
            <object_component_ref idref="oc-20"/>
            <object_component_ref idref="oc-1a"/>
            <object_component_ref idref="oc-d1"/>
            <object_component_ref idref="oc-5e"/>
            <object_component_ref idref="oc-125"/>
            <object_component_ref idref="oc-ef"/>
            <object_component_ref idref="oc-99"/>
            <object_component_ref idref="oc-e4"/>
         </contents>
      </logical_group>
      <logical_group id="lg-1ac" display="never" color="cyan">
         <name>.debug_abbrev</name>
         <load_address>0x0</load_address>
         <run_address>0x0</run_address>
         <size>0xcc9</size>
         <contents>
            <object_component_ref idref="oc-6e"/>
            <object_component_ref idref="oc-2d"/>
            <object_component_ref idref="oc-6d"/>
            <object_component_ref idref="oc-72"/>
            <object_component_ref idref="oc-38"/>
            <object_component_ref idref="oc-af"/>
            <object_component_ref idref="oc-77"/>
            <object_component_ref idref="oc-11e"/>
            <object_component_ref idref="oc-12c"/>
            <object_component_ref idref="oc-d4"/>
            <object_component_ref idref="oc-dc"/>
            <object_component_ref idref="oc-d7"/>
            <object_component_ref idref="oc-130"/>
            <object_component_ref idref="oc-153"/>
            <object_component_ref idref="oc-11f"/>
            <object_component_ref idref="oc-86"/>
            <object_component_ref idref="oc-40"/>
            <object_component_ref idref="oc-43"/>
            <object_component_ref idref="oc-83"/>
            <object_component_ref idref="oc-b7"/>
            <object_component_ref idref="oc-30"/>
            <object_component_ref idref="oc-33"/>
            <object_component_ref idref="oc-b4"/>
            <object_component_ref idref="oc-7c"/>
            <object_component_ref idref="oc-15d"/>
            <object_component_ref idref="oc-12a"/>
            <object_component_ref idref="oc-6b"/>
            <object_component_ref idref="oc-a4"/>
            <object_component_ref idref="oc-182"/>
            <object_component_ref idref="oc-180"/>
            <object_component_ref idref="oc-158"/>
            <object_component_ref idref="oc-80"/>
            <object_component_ref idref="oc-16d"/>
            <object_component_ref idref="oc-13d"/>
            <object_component_ref idref="oc-171"/>
            <object_component_ref idref="oc-18b"/>
            <object_component_ref idref="oc-176"/>
            <object_component_ref idref="oc-17b"/>
            <object_component_ref idref="oc-c1"/>
            <object_component_ref idref="oc-133"/>
            <object_component_ref idref="oc-184"/>
            <object_component_ref idref="oc-15a"/>
            <object_component_ref idref="oc-1c4"/>
         </contents>
      </logical_group>
      <logical_group id="lg-1ae" display="never" color="cyan">
         <name>.debug_str</name>
         <load_address>0x0</load_address>
         <run_address>0x0</run_address>
         <size>0x1612</size>
         <contents>
            <object_component_ref idref="oc-74"/>
            <object_component_ref idref="oc-3a"/>
            <object_component_ref idref="oc-b1"/>
            <object_component_ref idref="oc-79"/>
            <object_component_ref idref="oc-de"/>
            <object_component_ref idref="oc-d9"/>
            <object_component_ref idref="oc-132"/>
            <object_component_ref idref="oc-45"/>
            <object_component_ref idref="oc-85"/>
            <object_component_ref idref="oc-35"/>
            <object_component_ref idref="oc-b6"/>
            <object_component_ref idref="oc-7e"/>
            <object_component_ref idref="oc-173"/>
            <object_component_ref idref="oc-18d"/>
            <object_component_ref idref="oc-178"/>
            <object_component_ref idref="oc-17d"/>
         </contents>
      </logical_group>
      <logical_group id="lg-1b0" display="never" color="cyan">
         <name>.debug_aranges</name>
         <load_address>0x0</load_address>
         <run_address>0x0</run_address>
         <size>0x210</size>
         <contents>
            <object_component_ref idref="oc-29"/>
            <object_component_ref idref="oc-c5"/>
            <object_component_ref idref="oc-9f"/>
            <object_component_ref idref="oc-cb"/>
            <object_component_ref idref="oc-1d"/>
            <object_component_ref idref="oc-19"/>
            <object_component_ref idref="oc-cf"/>
            <object_component_ref idref="oc-5a"/>
            <object_component_ref idref="oc-124"/>
            <object_component_ref idref="oc-3d"/>
            <object_component_ref idref="oc-ee"/>
            <object_component_ref idref="oc-98"/>
            <object_component_ref idref="oc-e2"/>
         </contents>
      </logical_group>
      <logical_group id="lg-1b2" display="never" color="cyan">
         <name>.debug_pubnames</name>
         <load_address>0x0</load_address>
         <run_address>0x0</run_address>
         <size>0x33c</size>
         <contents>
            <object_component_ref idref="oc-14"/>
            <object_component_ref idref="oc-2a"/>
            <object_component_ref idref="oc-c6"/>
            <object_component_ref idref="oc-9e"/>
            <object_component_ref idref="oc-ca"/>
            <object_component_ref idref="oc-1e"/>
            <object_component_ref idref="oc-18"/>
            <object_component_ref idref="oc-d3"/>
            <object_component_ref idref="oc-26"/>
            <object_component_ref idref="oc-5d"/>
            <object_component_ref idref="oc-157"/>
            <object_component_ref idref="oc-123"/>
            <object_component_ref idref="oc-3f"/>
            <object_component_ref idref="oc-f1"/>
            <object_component_ref idref="oc-97"/>
            <object_component_ref idref="oc-e3"/>
            <object_component_ref idref="oc-129"/>
         </contents>
      </logical_group>
      <logical_group id="lg-1b4" display="never" color="cyan">
         <name>.debug_pubtypes</name>
         <load_address>0x0</load_address>
         <run_address>0x0</run_address>
         <size>0xa8d</size>
         <contents>
            <object_component_ref idref="oc-71"/>
            <object_component_ref idref="oc-37"/>
            <object_component_ref idref="oc-ae"/>
            <object_component_ref idref="oc-76"/>
            <object_component_ref idref="oc-db"/>
            <object_component_ref idref="oc-d6"/>
            <object_component_ref idref="oc-12f"/>
            <object_component_ref idref="oc-42"/>
            <object_component_ref idref="oc-82"/>
            <object_component_ref idref="oc-32"/>
            <object_component_ref idref="oc-b3"/>
            <object_component_ref idref="oc-7b"/>
            <object_component_ref idref="oc-170"/>
            <object_component_ref idref="oc-18a"/>
            <object_component_ref idref="oc-175"/>
            <object_component_ref idref="oc-17a"/>
         </contents>
      </logical_group>
      <logical_group id="lg-1c1" display="no" color="cyan">
         <name>Veneer$$CMSE</name>
         <run_address>0x0</run_address>
         <size>0x0</size>
         <contents>
         </contents>
      </logical_group>
      <load_segment id="lg-1c8" display="no" color="cyan">
         <name>SEGMENT_0</name>
         <load_address>0x0</load_address>
         <run_address>0x0</run_address>
         <size>0xb88</size>
         <flags>0x5</flags>
         <contents>
            <logical_group_ref idref="lg-3"/>
            <logical_group_ref idref="lg-4"/>
            <logical_group_ref idref="lg-5"/>
            <logical_group_ref idref="lg-6"/>
         </contents>
      </load_segment>
      <load_segment id="lg-1c9" display="no" color="cyan">
         <name>SEGMENT_1</name>
         <run_address>0x20000000</run_address>
         <size>0x204</size>
         <flags>0x6</flags>
         <contents>
            <logical_group_ref idref="lg-d"/>
            <logical_group_ref idref="lg-a"/>
         </contents>
      </load_segment>
   </logical_group_list>
   <placement_map>
      <memory_area display="yes" color="green">
         <name>FLASH</name>
         <page_id>0x0</page_id>
         <origin>0x0</origin>
         <length>0x40000</length>
         <used_space>0xb85</used_space>
         <unused_space>0x3f47b</unused_space>
         <attributes>RX</attributes>
         <usage_details>
            <allocated_space>
               <start_address>0x0</start_address>
               <size>0x26c</size>
               <logical_group_ref idref="lg-3"/>
            </allocated_space>
            <allocated_space>
               <start_address>0x26c</start_address>
               <size>0x800</size>
               <logical_group_ref idref="lg-4"/>
            </allocated_space>
            <allocated_space>
               <start_address>0xa6c</start_address>
               <size>0x101</size>
               <logical_group_ref idref="lg-5"/>
            </allocated_space>
            <available_space>
               <start_address>0xb6d</start_address>
               <size>0x3</size>
            </available_space>
            <allocated_space>
               <start_address>0xb70</start_address>
               <size>0x18</size>
               <logical_group_ref idref="lg-6"/>
            </allocated_space>
            <available_space>
               <start_address>0xb88</start_address>
               <size>0x3f478</size>
            </available_space>
         </usage_details>
      </memory_area>
      <memory_area display="yes" color="green">
         <name>SRAM</name>
         <page_id>0x0</page_id>
         <origin>0x20000000</origin>
         <length>0x8000</length>
         <used_space>0x204</used_space>
         <unused_space>0x7dfc</unused_space>
         <attributes>RWX</attributes>
         <usage_details>
            <allocated_space>
               <start_address>0x20000000</start_address>
               <size>0x0</size>
               <logical_group_ref idref="lg-197"/>
            </allocated_space>
            <allocated_space>
               <start_address>0x20000000</start_address>
               <size>0x200</size>
               <logical_group_ref idref="lg-d"/>
            </allocated_space>
            <allocated_space>
               <start_address>0x20000200</start_address>
               <size>0x4</size>
               <logical_group_ref idref="lg-a"/>
            </allocated_space>
            <available_space>
               <start_address>0x20000204</start_address>
               <size>0x7dfc</size>
            </available_space>
         </usage_details>
      </memory_area>
   </placement_map>
   <cptbl_list>
      <cptbl>
         <name>__TI_cinit_table</name>
         <cprec>
            <name>.data</name>
            <load_address>0xb78</load_address>
            <load_size>0x7</load_size>
            <run_address>0x20000200</run_address>
            <run_size>0x4</run_size>
            <compression>lzss</compression>
         </cprec>
      </cptbl>
   </cptbl_list>
   <handler_table>
      <handler_table_name>__TI_handler_table</handler_table_name>
      <handler>
         <index>0x0</index>
         <name>__TI_decompress_lzss</name>
      </handler>
      <handler>
         <index>0x1</index>
         <name>__TI_decompress_none</name>
      </handler>
   </handler_table>
   <symbol_table>
      <symbol id="sm-1">
         <name>__STACK_TOP</name>
         <value>0x20000200</value>
      </symbol>
      <symbol id="sm-2">
         <name>__start___llvm_prf_cnts</name>
         <value>0x20000000</value>
      </symbol>
      <symbol id="sm-3">
         <name>__stop___llvm_prf_cnts</name>
         <value>0x20000000</value>
      </symbol>
      <symbol id="sm-4">
         <name>__TI_CINIT_Base</name>
         <value>0xb80</value>
      </symbol>
      <symbol id="sm-5">
         <name>__TI_CINIT_Limit</name>
         <value>0xb88</value>
      </symbol>
      <symbol id="sm-6">
         <name>__TI_Handler_Table_Base</name>
         <value>0xb70</value>
      </symbol>
      <symbol id="sm-7">
         <name>__TI_Handler_Table_Limit</name>
         <value>0xb78</value>
      </symbol>
      <symbol id="sm-8">
         <name>binit</name>
         <value>0xffffffff</value>
      </symbol>
      <symbol id="sm-9">
         <name>__binit__</name>
         <value>0xffffffff</value>
      </symbol>
      <symbol id="sm-a">
         <name>__STACK_SIZE</name>
         <value>0x200</value>
      </symbol>
      <symbol id="sm-b">
         <name>__STACK_END</name>
         <value>0x20000200</value>
      </symbol>
      <symbol id="sm-c">
         <name>__c_args__</name>
         <value>0xffffffff</value>
      </symbol>
      <symbol id="sm-d">
         <name>__TI_pprof_out_hndl</name>
         <value>0xffffffff</value>
      </symbol>
      <symbol id="sm-e">
         <name>__TI_prof_data_start</name>
         <value>0xffffffff</value>
      </symbol>
      <symbol id="sm-f">
         <name>__TI_prof_data_size</name>
         <value>0xffffffff</value>
      </symbol>
      <symbol id="sm-56">
         <name>ResetISR</name>
         <value>0xa4f</value>
         <object_component_ref idref="oc-27"/>
      </symbol>
      <symbol id="sm-57">
         <name>g_pfnVectors</name>
         <value>0x0</value>
         <object_component_ref idref="oc-12"/>
      </symbol>
      <symbol id="sm-64">
         <name>initSystemClockTo40Mhz</name>
         <value>0xa31</value>
         <object_component_ref idref="oc-c2"/>
      </symbol>
      <symbol id="sm-b2">
         <name>initHw</name>
         <value>0x26d</value>
         <object_component_ref idref="oc-9b"/>
      </symbol>
      <symbol id="sm-b3">
         <name>isCommand</name>
         <value>0x5e1</value>
         <object_component_ref idref="oc-9b"/>
      </symbol>
      <symbol id="sm-b4">
         <name>getFieldString</name>
         <value>0x52f</value>
         <object_component_ref idref="oc-9b"/>
      </symbol>
      <symbol id="sm-b5">
         <name>parseFields</name>
         <value>0x3a5</value>
         <object_component_ref idref="oc-9b"/>
      </symbol>
      <symbol id="sm-b6">
         <name>getFieldInteger</name>
         <value>0x565</value>
         <object_component_ref idref="oc-9b"/>
      </symbol>
      <symbol id="sm-b7">
         <name>main</name>
         <value>0x275</value>
         <object_component_ref idref="oc-9b"/>
      </symbol>
      <symbol id="sm-b8">
         <name>getsUart0</name>
         <value>0x31b</value>
         <object_component_ref idref="oc-9b"/>
      </symbol>
      <symbol id="sm-de">
         <name>getcUart0</name>
         <value>0x747</value>
         <object_component_ref idref="oc-c8"/>
      </symbol>
      <symbol id="sm-df">
         <name>kbhitUart0</name>
         <value>0x75b</value>
         <object_component_ref idref="oc-c8"/>
      </symbol>
      <symbol id="sm-e0">
         <name>setUart0BaudRate</name>
         <value>0x6bb</value>
         <object_component_ref idref="oc-c8"/>
      </symbol>
      <symbol id="sm-e1">
         <name>putsUart0</name>
         <value>0x71b</value>
         <object_component_ref idref="oc-c8"/>
      </symbol>
      <symbol id="sm-e2">
         <name>initUart0</name>
         <value>0x651</value>
         <object_component_ref idref="oc-c8"/>
      </symbol>
      <symbol id="sm-e3">
         <name>putcUart0</name>
         <value>0x6ff</value>
         <object_component_ref idref="oc-c8"/>
      </symbol>
      <symbol id="sm-fb">
         <name>__TI_decompress_none</name>
         <value>0xa41</value>
         <object_component_ref idref="oc-1b"/>
      </symbol>
      <symbol id="sm-11e">
         <name>__TI_decompress_lzss</name>
         <value>0x951</value>
         <object_component_ref idref="oc-15"/>
      </symbol>
      <symbol id="sm-13e">
         <name>strtoul</name>
         <value>0x7a5</value>
         <object_component_ref idref="oc-ce"/>
      </symbol>
      <symbol id="sm-151">
         <name>__stack</name>
         <value>0x20000000</value>
         <object_component_ref idref="oc-24"/>
      </symbol>
      <symbol id="sm-152">
         <name>_c_int00_noargs</name>
         <value>0x9fd</value>
         <object_component_ref idref="oc-59"/>
      </symbol>
      <symbol id="sm-168">
         <name>__aeabi_errno_addr</name>
         <value>0xa5d</value>
         <object_component_ref idref="oc-121"/>
      </symbol>
      <symbol id="sm-169">
         <name>errno</name>
         <value>0x20000200</value>
         <object_component_ref idref="oc-155"/>
      </symbol>
      <symbol id="sm-184">
         <name>memcpy</name>
         <value>0x8b5</value>
         <object_component_ref idref="oc-3b"/>
      </symbol>
      <symbol id="sm-185">
         <name>__aeabi_memcpy</name>
         <value>0x8b5</value>
         <object_component_ref idref="oc-3b"/>
      </symbol>
      <symbol id="sm-186">
         <name>__aeabi_memcpy8</name>
         <value>0x8b5</value>
         <object_component_ref idref="oc-3b"/>
      </symbol>
      <symbol id="sm-187">
         <name>__aeabi_memcpy4</name>
         <value>0x8b5</value>
         <object_component_ref idref="oc-3b"/>
      </symbol>
      <symbol id="sm-1b0">
         <name>__TI_auto_init_nobinit_nopinit</name>
         <value>0x9b9</value>
         <object_component_ref idref="oc-ec"/>
      </symbol>
      <symbol id="sm-1ba">
         <name>_system_pre_init</name>
         <value>0xa65</value>
         <object_component_ref idref="oc-95"/>
      </symbol>
      <symbol id="sm-1c6">
         <name>C$$EXIT</name>
         <value>0xa69</value>
         <object_component_ref idref="oc-e0"/>
      </symbol>
      <symbol id="sm-1c7">
         <name>abort</name>
         <value>0xa69</value>
         <object_component_ref idref="oc-e0"/>
      </symbol>
      <symbol id="sm-1d4">
         <name>_ctypes_</name>
         <value>0xa6c</value>
         <object_component_ref idref="oc-127"/>
      </symbol>
      <symbol id="sm-1d5">
         <name>__TI_static_base__</name>
         <value>0x0</value>
      </symbol>
      <symbol id="sm-1d8">
         <name>__mpu_init</name>
         <value>0x0</value>
      </symbol>
      <symbol id="sm-1d9">
         <name>_system_post_cinit</name>
         <value>0x0</value>
      </symbol>
   </symbol_table>
   <title>Link successful</title>
</link_info>
