{
	"partitions" : [
		{
			"name" : "Top",
			"pins" : [
				{
					"name" : "DEVBOARD_RLEDS[0]",
					"strict" : false
				},
				{
					"name" : "DEVBOARD_RLEDS[1]",
					"strict" : false
				},
				{
					"name" : "DEVBOARD_RLEDS[2]",
					"strict" : false
				},
				{
					"name" : "DEVBOARD_RLEDS[3]",
					"strict" : false
				},
				{
					"name" : "DEVBOARD_RLEDS[4]",
					"strict" : false
				},
				{
					"name" : "DEVBOARD_RLEDS[5]",
					"strict" : false
				},
				{
					"name" : "DEVBOARD_RLEDS[6]",
					"strict" : false
				},
				{
					"name" : "DEVBOARD_RLEDS[7]",
					"strict" : false
				},
				{
					"name" : "DEVBOARD_RLEDS[9]",
					"strict" : false
				},
				{
					"name" : "DEVBOARD_SWS[8]",
					"strict" : false
				},
				{
					"name" : "DEVBOARD_SWS[9]",
					"strict" : false
				},
				{
					"name" : "DEVBOARD_SWS[0]",
					"strict" : false
				},
				{
					"name" : "DEVBOARD_BTN[0]",
					"strict" : false
				},
				{
					"name" : "DEVBOARD_BTN[1]",
					"strict" : false
				},
				{
					"name" : "DEVBOARD_SWS[1]",
					"strict" : false
				},
				{
					"name" : "DEVBOARD_SWS[7]",
					"strict" : false
				},
				{
					"name" : "DEVBOARD_SWS[6]",
					"strict" : false
				},
				{
					"name" : "DEVBOARD_SWS[5]",
					"strict" : false
				},
				{
					"name" : "DEVBOARD_SWS[4]",
					"strict" : false
				},
				{
					"name" : "DEVBOARD_SWS[2]",
					"strict" : false
				},
				{
					"name" : "DEVBOARD_SWS[3]",
					"strict" : false
				}
			]
		}
	]
}